Unix Timestamp,Date,Symbol,Open,High,Low,Close,Volume BTC,Volume USD,Rendement Quotidien,Volume Moyen
1528675200.0,2018-06-11,BTCUSD,6806.12,6830.49,6727.39,6811.9,2591.46,17587448.97,0.08,8795020.215
1528588800.0,2018-06-10,BTCUSD,7496.81,7499.01,6732.03,6806.12,8199.93,58293789.94,-9.21,29150994.935
1528502400.0,2018-06-09,BTCUSD,7620.77,7679.81,7472.82,7496.81,7288.46,55592105.24,-1.63,27799696.85
1528416000.0,2018-06-08,BTCUSD,7708.73,7712.03,7543.91,7620.77,7176.63,54729919.27,-1.14,27368547.950000003
1528329600.0,2018-06-07,BTCUSD,7660.93,7755.61,7660.03,7708.73,6832.76,52680059.51,0.62,26343446.135
1528243200.0,2018-06-06,BTCUSD,7638.39,7699.85,7503.79,7660.93,6290.84,47905088.75,0.3,23955689.795
1528156800.0,2018-06-05,BTCUSD,7533.02,7691.67,7433.34,7638.39,7640.29,57571254.92,1.4,28789447.605
1528070400.0,2018-06-04,BTCUSD,7720.28,7759.27,7502.41,7533.02,6513.66,49479523.64,-2.43,24743018.65
1527984000.0,2018-06-03,BTCUSD,7626.37,7756.51,7606.9,7720.28,6938.24,53374123.62,1.23,26690530.93
1527897600.0,2018-06-02,BTCUSD,7538.91,7695.14,7485.56,7626.37,7222.73,54962491.13,1.16,27484856.93
1527811200.0,2018-06-01,BTCUSD,7514.18,7616.99,7384.42,7538.91,8608.27,64564627.97,0.33,32286618.12
1527724800.0,2018-05-31,BTCUSD,7409.86,7607.72,7354.9,7514.18,8796.17,66124018.54,1.41,33066407.355
1527638400.0,2018-05-30,BTCUSD,7485.58,7593.68,7317.6,7409.86,8998.07,67076818.83,-1.01,33542908.45
1527552000.0,2018-05-29,BTCUSD,7150.72,7534.04,7106.0,7485.58,8601.03,63129059.04,4.68,31568830.035
1527465600.0,2018-05-28,BTCUSD,7394.14,7470.11,7124.37,7150.72,9592.47,69889090.4,-3.29,34949341.435
1527379200.0,2018-05-27,BTCUSD,7380.18,7441.08,7300.0,7394.14,8277.34,60982686.11,0.19,30495481.725
1527292800.0,2018-05-26,BTCUSD,7517.98,7697.12,7341.75,7380.18,9441.88,71036440.16,-1.83,35522941.02
1527206400.0,2018-05-25,BTCUSD,7592.88,7665.14,7366.01,7517.98,10209.05,76544478.84,-0.99,38277343.945
1527120000.0,2018-05-24,BTCUSD,7526.83,7751.48,7350.0,7592.88,9806.52,74037548.35,0.88,37023677.435
1527033600.0,2018-05-23,BTCUSD,8029.57,8064.35,7521.12,7526.83,9997.13,77978202.21,-6.26,38994099.67
1526947200.0,2018-05-22,BTCUSD,8419.85,8429.29,7999.01,8029.57,8831.02,72751238.39,-4.64,36380034.705
1526860800.0,2018-05-21,BTCUSD,8510.85,8566.31,8356.7,8419.85,7978.18,67543512.98,-1.07,33775745.580000006
1526774400.0,2018-05-20,BTCUSD,8219.46,8566.4,8172.2,8510.85,7960.37,66508625.19,3.55,33258292.78
1526688000.0,2018-05-19,BTCUSD,8237.46,8380.43,8142.53,8219.46,8394.69,69265996.84,-0.22,34637195.765
1526601600.0,2018-05-18,BTCUSD,8079.32,8271.94,7944.08,8237.46,6656.83,54069995.71,1.96,27038326.27
1526515200.0,2018-05-17,BTCUSD,8332.74,8448.98,8050.02,8079.32,7434.99,61411377.76,-3.04,30709406.375
1526428800.0,2018-05-16,BTCUSD,8488.93,8512.05,8129.25,8332.74,6923.32,57458881.39,-1.84,28732902.355
1526342400.0,2018-05-15,BTCUSD,8699.44,8834.54,8451.91,8488.93,6976.34,60349840.33,-2.42,30178408.335
1526256000.0,2018-05-14,BTCUSD,8739.22,8888.78,8348.68,8699.44,4266.76,37051469.68,-0.46,18527868.22
1526169600.0,2018-05-13,BTCUSD,8511.07,8792.09,8360.68,8739.22,5730.16,49235516.85,2.68,24620623.505
1526083200.0,2018-05-12,BTCUSD,8460.54,8729.07,8269.96,8511.07,7671.18,64951985.07,0.6,32479828.125
1525996800.0,2018-05-11,BTCUSD,9029.76,9031.2,8389.42,8460.54,8615.74,75364330.85,-6.3,37686473.295
1525910400.0,2018-05-10,BTCUSD,9320.07,9398.39,9013.42,9029.76,6348.98,58871828.14,-3.11,29439088.56
1525824000.0,2018-05-09,BTCUSD,9225.57,9375.31,8976.34,9320.07,6505.91,59854613.48,1.02,29930559.695
1525737600.0,2018-05-08,BTCUSD,9385.1,9472.48,9075.45,9225.57,6032.23,55916216.47,-1.7,27961124.35
1525651200.0,2018-05-07,BTCUSD,9651.17,9674.16,9211.08,9385.1,5953.58,55754654.5,-2.76,27880304.04
1525564800.0,2018-05-06,BTCUSD,9916.46,9988.88,9478.07,9651.17,5403.89,52267701.7,-2.68,26136552.795
1525478400.0,2018-05-05,BTCUSD,9710.59,9999.99,9705.42,9916.46,5914.46,58389627.5,2.12,29197770.98
1525392000.0,2018-05-04,BTCUSD,9780.26,9841.03,9575.14,9710.59,6025.4,58443747.69,-0.71,29224886.545
1525305600.0,2018-05-03,BTCUSD,9230.47,9855.0,9178.26,9780.26,6041.95,56964545.72,5.96,28485293.835
1525219200.0,2018-05-02,BTCUSD,9058.62,9260.97,8992.63,9230.47,928.65,8477371.05,1.9,4239149.850000001
1525132800.0,2018-05-01,BTCUSD,9259.79,9272.43,8869.4,9058.62,5047.45,45567256.06,-2.17,22786151.755000003
1525046400.0,2018-04-30,BTCUSD,9439.42,9530.96,9169.0,9259.79,6958.99,65023001.75,-1.9,32514980.37
1524960000.0,2018-04-29,BTCUSD,9370.22,9579.03,9181.62,9439.42,7214.78,67721901.39,0.74,33864558.085
1524873600.0,2018-04-28,BTCUSD,9007.22,9450.6,9000.0,9370.22,6535.36,60564960.07,4.03,30285747.715
1524787200.0,2018-04-27,BTCUSD,9298.88,9410.0,9000.0,9007.22,6532.26,60409445.92,-3.14,30207989.09
1524700800.0,2018-04-26,BTCUSD,8969.25,9324.11,8699.9,9298.88,7429.49,66727240.09,3.68,33367334.790000003
1524614400.0,2018-04-25,BTCUSD,9696.76,9818.24,8863.23,8969.25,8012.88,74335537.13,-7.5,37171775.005
1524528000.0,2018-04-24,BTCUSD,9130.26,9789.96,9089.53,9696.76,7543.2,71042107.38,6.2,35524825.29
1524441600.0,2018-04-23,BTCUSD,9018.4,9194.07,8990.94,9130.26,5523.6,50326293.17,1.24,25165908.385
1524355200.0,2018-04-22,BTCUSD,9104.14,9200.94,8949.08,9018.4,6229.26,56553185.81,-0.94,28279707.535
1524268800.0,2018-04-21,BTCUSD,8993.81,9129.0,8770.6,9104.14,6141.9,55195442.73,1.23,27600792.315
1524182400.0,2018-04-20,BTCUSD,8492.11,9092.91,8390.3,8993.81,7257.34,62640126.41,5.91,31323691.875
1524096000.0,2018-04-19,BTCUSD,8343.88,8509.99,8280.84,8492.11,6099.45,51431710.69,1.78,25718905.07
1524009600.0,2018-04-18,BTCUSD,8136.12,8382.88,8100.0,8343.88,5903.08,48803706.12,2.55,24404804.6
1523923200.0,2018-04-17,BTCUSD,8282.81,8421.86,8100.0,8136.12,5063.12,41913180.87,-1.77,20959121.995
1523836800.0,2018-04-16,BTCUSD,8535.14,8596.66,8104.93,8282.81,5993.44,49831295.01,-2.96,24918644.225
1523750400.0,2018-04-15,BTCUSD,8200.48,8600.0,8192.35,8535.14,4900.63,41309620.8,4.08,20657260.715
1523664000.0,2018-04-14,BTCUSD,8112.23,8336.56,8034.6,8200.48,3490.92,28628342.64,1.09,14315916.78
1523577600.0,2018-04-13,BTCUSD,8182.18,8462.37,7949.83,8112.23,5473.96,44852301.22,-0.85,22428887.59
1523491200.0,2018-04-12,BTCUSD,7131.8,8200.0,6934.0,8182.18,6373.17,47251718.8,14.73,23629045.985
1523404800.0,2018-04-11,BTCUSD,7067.85,7153.86,6970.1,7131.8,7144.77,50495479.45,0.9,25251312.110000003
1523318400.0,2018-04-10,BTCUSD,7023.66,7120.79,6901.02,7067.85,6404.99,44906537.86,0.63,22456471.425
1523232000.0,2018-04-09,BTCUSD,7210.55,7391.09,6875.63,7023.66,5246.37,37439107.91,-2.59,18722177.14
1523145600.0,2018-04-08,BTCUSD,7132.96,7311.35,7130.87,7210.55,5579.63,40206270.84,1.09,20105925.235000003
1523059200.0,2018-04-07,BTCUSD,6865.55,7291.19,6843.94,7132.96,5151.56,36657938.13,3.89,18331544.845000003
1522972800.0,2018-04-06,BTCUSD,6992.32,7082.96,6762.19,6865.55,5965.38,41084118.59,-1.81,20545041.985000003
1522886400.0,2018-04-05,BTCUSD,7079.35,7208.49,6855.26,6992.32,6009.28,42248224.3,-1.23,21127116.79
1522800000.0,2018-04-04,BTCUSD,7635.62,7639.91,7005.0,7079.35,6129.69,44833121.35,-7.29,22419625.52
1522713600.0,2018-04-03,BTCUSD,7270.91,7711.74,7251.18,7635.62,6191.5,46699302.83,5.02,23352747.165
1522627200.0,2018-04-02,BTCUSD,7070.61,7390.0,7036.45,7270.91,5760.49,41699524.92,2.83,20852642.705
1522540800.0,2018-04-01,BTCUSD,7173.49,7298.26,6757.26,7070.61,6426.59,45356259.69,-1.43,22681343.14
1522454400.0,2018-03-31,BTCUSD,7091.31,7399.0,7025.0,7173.49,6232.22,45068092.54,1.16,22537162.38
1522368000.0,2018-03-30,BTCUSD,7333.98,7546.35,7003.75,7091.31,6105.87,43912192.24,-3.31,21959149.055
1522281600.0,2018-03-29,BTCUSD,8056.55,8078.86,7303.46,7333.98,6423.47,49195245.52,-8.97,24600834.495
1522195200.0,2018-03-28,BTCUSD,7947.51,8234.09,7903.49,8056.55,5172.16,41674748.4,1.37,20839960.28
1522108800.0,2018-03-27,BTCUSD,8312.09,8375.53,7884.26,7947.51,5712.82,46330495.1,-4.39,23168103.96
1522022400.0,2018-03-26,BTCUSD,8665.53,8718.9,8005.2,8312.09,5897.33,49233578.36,-4.08,24619737.845
1521936000.0,2018-03-25,BTCUSD,8746.32,8843.05,8571.8,8665.53,5111.13,44479465.88,-0.92,22242288.505000003
1521849600.0,2018-03-24,BTCUSD,9143.18,9198.99,8730.01,8746.32,5291.07,47846634.63,-4.34,23925962.85
1521763200.0,2018-03-23,BTCUSD,8931.27,9144.23,8533.33,9143.18,5601.79,49003672.67,2.37,24504637.23
1521676800.0,2018-03-22,BTCUSD,9097.07,9296.93,8710.6,8931.27,5273.6,47391202.3,-1.82,23698237.95
1521590400.0,2018-03-21,BTCUSD,9116.08,9412.41,9009.95,9097.07,5133.48,47283324.03,-0.21,23644228.755
1521504000.0,2018-03-20,BTCUSD,8861.91,9302.95,8535.13,9116.08,6072.14,53759578.66,2.87,26882825.4
1521417600.0,2018-03-19,BTCUSD,8520.22,8900.0,8375.7,8861.91,10390.12,89590092.54,4.01,44800241.330000006
1521331200.0,2018-03-18,BTCUSD,8143.04,8600.0,7715.0,8520.22,7159.41,57468887.65,4.63,28738023.53
1521244800.0,2018-03-17,BTCUSD,8503.51,8600.0,8050.27,8143.04,6504.02,54082510.14,-4.24,27044507.08
1521158400.0,2018-03-16,BTCUSD,8409.73,8848.95,8124.39,8503.51,5818.92,49515451.96,1.12,24760635.44
1521072000.0,2018-03-15,BTCUSD,8601.68,8751.75,8066.61,8409.73,7045.94,59396548.01,-2.23,29701796.975
1520985600.0,2018-03-14,BTCUSD,9356.27,9515.08,8500.01,8601.68,6375.5,57156816.8,-8.07,28581596.15
1520899200.0,2018-03-13,BTCUSD,9352.3,9559.36,9075.0,9356.27,5648.12,52577254.54,0.04,26291451.33
1520812800.0,2018-03-12,BTCUSD,9646.0,9999.99,9010.02,9352.3,5980.94,57287010.46,-3.04,28646495.7
1520726400.0,2018-03-11,BTCUSD,9016.18,9800.0,8815.03,9646.0,6077.7,56284804.08,6.99,28145440.89
1520640000.0,2018-03-10,BTCUSD,9611.82,9778.98,9001.33,9016.18,5436.22,51300839.79,-6.2,25653138.005
1520553600.0,2018-03-09,BTCUSD,9625.0,9762.32,9000.02,9611.82,6796.07,63376632.73,-0.14,31691714.4
1520467200.0,2018-03-08,BTCUSD,10315.8,10475.24,9588.89,9625.0,4810.83,48343169.22,-6.7,24173990.025
1520380800.0,2018-03-07,BTCUSD,10954.39,11152.33,10000.02,10315.8,5831.29,61947725.16,-5.83,30976778.225
1520294400.0,2018-03-06,BTCUSD,11690.05,11700.44,10700.0,10954.39,5628.98,63111538.99,-6.29,31558583.985
1520208000.0,2018-03-05,BTCUSD,11616.98,11934.08,11529.71,11690.05,4744.62,55436062.76,0.63,27720403.69
1520121600.0,2018-03-04,BTCUSD,11624.28,11659.83,11249.93,11616.98,4543.14,51939814.36,-0.06,25972178.75
1520035200.0,2018-03-03,BTCUSD,11242.44,11697.35,11234.04,11624.28,4519.08,51989218.75,3.4,25996868.915
1519948800.0,2018-03-02,BTCUSD,11049.94,11355.73,11010.02,11242.44,4746.68,53063560.71,1.74,26534153.695
1519862400.0,2018-03-01,BTCUSD,10543.51,11182.13,10431.07,11049.94,5088.55,54890238.63,4.8,27447663.59
1519776000.0,2018-02-28,BTCUSD,10740.8,11147.99,10473.44,10543.51,5303.75,57087965.12,-1.84,28546634.435
1519689600.0,2018-02-27,BTCUSD,10385.01,10957.89,10216.46,10740.8,5193.5,55174163.01,3.43,27589678.255
1519603200.0,2018-02-26,BTCUSD,9789.08,10567.59,9563.08,10385.01,5480.82,55131116.93,6.09,27568298.875
1519516800.0,2018-02-25,BTCUSD,9990.37,10070.81,9502.25,9789.08,5877.9,57781348.83,-2.01,28893613.365
1519430400.0,2018-02-24,BTCUSD,10490.0,10770.23,9740.71,9990.37,5748.04,58590739.29,-4.76,29298243.665
1519344000.0,2018-02-23,BTCUSD,10086.22,10760.01,9736.32,10490.0,5783.75,59102772.11,4.0,29554277.93
1519257600.0,2018-02-22,BTCUSD,11015.97,11299.37,10080.0,10086.22,6261.74,66503360.71,-8.44,33254811.225
1519171200.0,2018-02-21,BTCUSD,11717.13,11774.39,10654.57,11015.97,6361.99,71234336.19,-5.98,35620349.09
1519084800.0,2018-02-20,BTCUSD,11256.64,12172.43,11242.93,11717.13,5448.66,63791826.27,4.09,31898637.465
1518998400.0,2018-02-19,BTCUSD,10594.47,11300.0,10500.91,11256.64,3390.81,37495655.39,6.25,18749523.1
1518912000.0,2018-02-18,BTCUSD,11083.28,11348.99,10187.43,10594.47,1799.33,19384940.13,-4.41,9693369.73
1518825600.0,2018-02-17,BTCUSD,10187.26,11111.09,10082.73,11083.28,5495.37,58658598.65,8.8,29332047.01
1518739200.0,2018-02-16,BTCUSD,10080.0,10358.89,9803.72,10187.26,5555.79,55895997.37,1.06,27950776.58
1518652800.0,2018-02-15,BTCUSD,9473.16,10213.14,9396.01,10080.0,6090.55,59804890.12,6.41,29905490.335
1518566400.0,2018-02-14,BTCUSD,8616.19,9490.0,8612.3,9473.16,6731.4,60764350.25,9.95,30385540.825
1518480000.0,2018-02-13,BTCUSD,8946.21,8983.65,8405.19,8616.19,6321.67,54717094.83,-3.69,27361708.25
1518393600.0,2018-02-12,BTCUSD,8074.19,9015.59,8074.19,8946.21,6313.75,54592675.42,10.8,27299494.585
1518307200.0,2018-02-11,BTCUSD,8559.87,8563.43,7850.01,8074.19,6973.88,57093847.85,-5.67,28550410.865
1518220800.0,2018-02-10,BTCUSD,8714.18,9086.98,8177.14,8559.87,7581.9,65803225.43,-1.77,32905403.665
1518134400.0,2018-02-09,BTCUSD,8380.77,8783.28,8000.02,8714.18,8421.18,70320702.01,3.98,35164561.595000006
1518048000.0,2018-02-08,BTCUSD,7670.57,8685.63,7652.9,8380.77,7475.79,62016699.66,9.26,31012087.725
1517961600.0,2018-02-07,BTCUSD,7840.03,8549.17,7285.96,7670.57,8367.99,66545263.27,-2.16,33276815.630000003
1517875200.0,2018-02-06,BTCUSD,7051.95,7996.12,6075.04,7840.03,10882.79,75139374.92,11.18,37575128.855
1517788800.0,2018-02-05,BTCUSD,8249.24,8475.74,6888.01,7051.95,9581.24,73537866.05,-14.51,36773723.645
1517702400.0,2018-02-04,BTCUSD,9215.18,9427.55,8020.15,8249.24,7569.76,66222238.93,-10.48,33114904.345
1517616000.0,2018-02-03,BTCUSD,8967.38,9499.99,8320.42,9215.18,6818.92,61224773.39,2.76,30615796.155
1517529600.0,2018-02-02,BTCUSD,9206.87,9282.57,8000.04,8967.38,9648.34,84102712.13,-2.6,42056180.235
1517443200.0,2018-02-01,BTCUSD,10313.39,10325.53,8910.32,9206.87,7457.54,71535937.73,-10.73,35771697.635000005
1517356800.0,2018-01-31,BTCUSD,10185.22,10402.89,9665.26,10318.71,5903.81,59614211.03,1.31,29810057.42
1517270400.0,2018-01-30,BTCUSD,11242.47,11266.43,9909.0,10185.22,6650.43,70807561.13,-9.4,35407105.78
1517184000.0,2018-01-29,BTCUSD,11880.02,11970.64,11104.87,11242.47,5731.69,65465540.89,-5.37,32735636.29
1517097600.0,2018-01-28,BTCUSD,11491.39,12173.19,11415.05,11880.02,5880.68,69501861.45,3.38,34753871.065000005
1517011200.0,2018-01-27,BTCUSD,11035.21,11635.77,10815.46,11491.39,5401.29,60660728.15,4.13,30333064.72
1516924800.0,2018-01-26,BTCUSD,11138.64,11616.5,10254.19,11035.21,6212.62,67820785.62,-0.93,33913499.120000005
1516838400.0,2018-01-25,BTCUSD,11394.37,11686.82,10901.0,11138.64,2919.34,32853581.23,-2.24,16428250.285
1516752000.0,2018-01-24,BTCUSD,10821.04,11524.53,10499.47,11394.37,5935.93,65218681.64,5.3,32612308.785
1516665600.0,2018-01-23,BTCUSD,10782.38,11373.59,9940.87,10821.04,6547.0,69944399.1,0.36,34975473.05
1516579200.0,2018-01-22,BTCUSD,11493.69,11888.16,10023.65,10782.38,6176.85,67934660.83,-6.19,33970418.84
1516492800.0,2018-01-21,BTCUSD,12717.98,12723.86,10983.43,11493.69,6307.35,74512279.46,-9.63,37259293.405
1516406400.0,2018-01-20,BTCUSD,11464.52,12988.89,11415.06,12717.98,5485.24,67966868.99,10.93,33986177.114999995
1516320000.0,2018-01-19,BTCUSD,10975.91,11821.17,10602.45,11464.52,6528.27,73682750.04,4.45,36844639.155
1516233600.0,2018-01-18,BTCUSD,11091.37,11887.89,10508.45,10975.91,6182.41,69757742.84,-1.04,34881962.625
1516147200.0,2018-01-17,BTCUSD,11085.32,11579.2,9300.0,11091.37,7983.05,83442664.57,0.05,41725323.81
1516060800.0,2018-01-16,BTCUSD,13581.89,13601.68,9920.02,11085.32,7285.54,85804837.12,-18.38,42906061.330000006
1515974400.0,2018-01-15,BTCUSD,13554.32,14320.52,13320.38,13581.89,4876.72,67111640.51,0.2,33558258.615
1515888000.0,2018-01-14,BTCUSD,14191.04,14379.98,12900.0,13554.32,4326.72,58645665.76,-4.49,29324996.24
1515801600.0,2018-01-13,BTCUSD,13805.74,14618.78,13754.49,14191.04,4466.27,63496278.91,2.79,31750372.59
1515715200.0,2018-01-12,BTCUSD,13289.0,14085.98,12688.43,13805.74,4622.49,62943249.81,3.89,31473936.15
1515628800.0,2018-01-11,BTCUSD,14845.48,14898.98,12666.43,13289.0,5519.57,75218222.7,-10.48,37611871.135
1515542400.0,2018-01-10,BTCUSD,14433.74,14877.9,13335.64,14845.48,5079.89,71715929.75,2.85,35860504.82
1515456000.0,2018-01-09,BTCUSD,14901.0,15422.77,14152.66,14433.74,4849.84,71775540.53,-3.14,35890195.185
1515369600.0,2018-01-08,BTCUSD,16192.33,16243.66,13590.01,14901.0,5408.24,81987970.6,-7.97,40996689.42
1515283200.0,2018-01-07,BTCUSD,17176.43,17208.84,15623.52,16192.33,4236.27,69707009.48,-5.73,34855622.875
1515196800.0,2018-01-06,BTCUSD,16916.53,17204.0,16204.81,17176.43,4105.59,68490423.39,1.54,34247264.49
1515110400.0,2018-01-05,BTCUSD,15147.61,17083.67,14726.0,16916.53,4917.98,77649380.66,11.68,38827149.32
1515024000.0,2018-01-04,BTCUSD,15109.63,15254.36,14113.49,15147.61,5162.54,76082132.74,0.25,38043647.64
1514937600.0,2018-01-03,BTCUSD,14659.11,15399.93,14469.27,15109.63,4732.97,70582290.14,3.07,35293511.555
1514851200.0,2018-01-02,BTCUSD,13344.3,15299.92,12893.56,14659.11,5390.48,74798243.52,9.85,37401817.0
1514764800.0,2018-01-01,BTCUSD,13789.68,13821.51,12767.35,13344.3,4605.11,61457186.39,-3.23,30730895.75
1514678400.0,2017-12-31,BTCUSD,12362.37,14145.98,12195.38,13789.68,4843.57,63779281.12,11.55,31892062.345
1514592000.0,2017-12-30,BTCUSD,14303.26,14384.67,11850.0,12362.37,6682.67,86844130.86,-13.57,43425406.765
1514505600.0,2017-12-29,BTCUSD,14273.19,15110.17,13875.72,14303.26,4466.84,64241669.19,0.21,32123068.015
1514419200.0,2017-12-28,BTCUSD,15402.6,15499.94,13275.01,14273.19,4585.69,64461841.73,-7.33,32233213.71
1514332800.0,2017-12-27,BTCUSD,15676.68,16494.53,14416.56,15402.6,4344.85,67795475.44,-1.75,33899910.145
1514246400.0,2017-12-26,BTCUSD,13670.98,15998.91,13590.02,15676.68,4523.91,68215976.86,14.67,34110250.385
1514160000.0,2017-12-25,BTCUSD,13488.52,14251.06,12743.75,13670.98,4808.02,65084211.55,1.35,32544509.785
1514073600.0,2017-12-24,BTCUSD,13862.38,13979.48,11678.79,13488.52,6206.12,80053155.76,-2.7,40029680.940000005
1513987200.0,2017-12-23,BTCUSD,13859.97,14939.5,13056.4,13862.38,5842.9,82735652.78,0.02,41370747.84
1513900800.0,2017-12-22,BTCUSD,15558.08,15728.12,10718.22,13859.97,12448.87,165609593.82,-10.91,82811021.345
1513814400.0,2017-12-21,BTCUSD,16104.63,16690.67,14718.64,15558.08,7196.6,114192314.32,-3.39,57099755.45999999
1513728000.0,2017-12-20,BTCUSD,17149.19,17444.37,15456.49,16104.63,10623.19,174333147.99,-6.09,87171885.59
1513641600.0,2017-12-19,BTCUSD,18832.18,18923.13,16522.55,17149.19,7330.41,131445520.88,-8.94,65726425.645
1513555200.0,2017-12-18,BTCUSD,18891.83,19067.35,17900.0,18832.18,5058.76,93832788.74,-0.32,46918923.75
1513468800.0,2017-12-17,BTCUSD,19095.34,19531.9,18250.0,18891.83,4488.2,85373329.09,-1.07,42688908.645
1513382400.0,2017-12-16,BTCUSD,17448.56,19355.9,17200.0,19095.34,4098.79,74086064.58,9.44,37045081.685
1513296000.0,2017-12-15,BTCUSD,16329.49,17880.87,16189.45,17448.56,4954.8,85858687.26,6.85,42931821.03
1513209600.0,2017-12-14,BTCUSD,15979.61,16432.76,15526.0,16329.49,4465.47,71830013.41,2.19,35917239.44
1513123200.0,2017-12-13,BTCUSD,16386.95,16833.49,15199.97,15979.61,5651.07,91301863.7,-2.49,45653757.385
1513036800.0,2017-12-12,BTCUSD,16661.14,16971.13,16211.16,16386.95,6435.94,107140670.62,-1.65,53573553.28
1512950400.0,2017-12-11,BTCUSD,14954.93,17389.95,14938.11,16661.14,7219.95,118077314.38,11.41,59042267.165
1512864000.0,2017-12-10,BTCUSD,14686.71,15739.98,12505.0,14954.93,11208.06,159177513.26,1.83,79594360.66
1512777600.0,2017-12-09,BTCUSD,15847.41,16197.86,13011.42,14686.71,7969.04,116584845.68,-7.32,58296407.36000001
1512691200.0,2017-12-08,BTCUSD,16625.89,17237.44,13751.13,15847.41,8709.47,133547588.95,-4.68,66778149.21
1512604800.0,2017-12-07,BTCUSD,13670.0,16649.58,13132.34,16625.89,6968.59,103064123.76,21.62,51535546.175
1512518400.0,2017-12-06,BTCUSD,11656.01,13739.94,11620.0,13670.0,7444.33,93933151.32,17.28,46970297.825
1512432000.0,2017-12-05,BTCUSD,11579.72,11897.02,11425.15,11656.01,5973.47,69685509.37,0.66,34845741.42
1512345600.0,2017-12-04,BTCUSD,11159.57,11589.5,10830.0,11579.72,5164.86,58376826.64,3.76,29190995.75
1512259200.0,2017-12-03,BTCUSD,10891.62,11839.98,10450.01,11159.57,6397.31,71946071.28,2.46,35976234.295
1512172800.0,2017-12-02,BTCUSD,10842.43,11185.95,10639.3,10891.62,5681.38,62072054.04,0.45,31038867.71
1512086400.0,2017-12-01,BTCUSD,9918.6,10929.06,9376.83,10842.43,6658.08,67757353.47,9.31,33882005.775
1512000000.0,2017-11-30,BTCUSD,9750.02,10570.49,8855.09,9918.6,7009.48,67912671.95,1.73,33959840.715
1511913600.0,2017-11-29,BTCUSD,9906.09,11420.82,8760.19,9750.02,8667.86,89046538.54,-1.58,44527603.2
1511827200.0,2017-11-28,BTCUSD,9748.78,9978.88,9615.93,9906.09,6542.08,64299045.75,1.61,32152793.915
1511740800.0,2017-11-27,BTCUSD,9319.05,9760.07,9257.91,9748.78,6678.11,64026559.84,4.61,32016618.975
1511654400.0,2017-11-26,BTCUSD,8780.93,9488.88,8755.16,9319.05,7288.31,66139083.77,6.13,33073186.040000003
1511568000.0,2017-11-25,BTCUSD,8199.88,8795.0,8137.53,8780.93,7671.99,64897384.02,7.09,32452528.005000003
1511481600.0,2017-11-24,BTCUSD,7990.0,8345.28,7877.56,8199.88,8556.92,69695122.6,2.63,34851839.76
1511395200.0,2017-11-23,BTCUSD,8226.11,8249.84,7990.0,7990.0,8374.44,68325350.86,-2.87,34166862.65
1511308800.0,2017-11-22,BTCUSD,8094.64,8320.0,8069.13,8226.11,6725.1,55101511.1,1.62,27554118.1
1511222400.0,2017-11-21,BTCUSD,8239.31,8364.39,7779.0,8094.64,7570.15,61712378.78,-1.76,30859974.465
1511136000.0,2017-11-20,BTCUSD,8054.05,8299.93,7961.13,8239.31,6967.8,56702465.91,2.3,28354716.855
1511049600.0,2017-11-19,BTCUSD,7772.9,8099.97,7657.71,8054.05,7006.35,54907870.65,3.62,27457438.5
1510963200.0,2017-11-18,BTCUSD,7680.25,7866.58,7420.04,7772.9,8387.87,64336513.02,1.21,32172450.445
1510876800.0,2017-11-17,BTCUSD,7865.06,7999.95,7503.14,7680.25,7664.25,59838048.43,-2.35,29922856.34
1510790400.0,2017-11-16,BTCUSD,7278.89,7989.9,7049.97,7865.06,8323.29,62248818.81,8.05,31128571.05
1510704000.0,2017-11-15,BTCUSD,6572.95,7295.99,6571.9,7278.89,8688.7,60861957.51,10.74,30435323.105
1510617600.0,2017-11-14,BTCUSD,6486.12,6684.98,6312.11,6572.95,8345.94,54513049.36,1.34,27260697.65
1510531200.0,2017-11-13,BTCUSD,5888.59,6720.18,5779.89,6486.12,11577.23,73176731.07,10.15,36594154.15
1510444800.0,2017-11-12,BTCUSD,6309.84,6533.09,5450.86,5888.59,15443.52,93550290.76,-6.68,46782867.14
1510358400.0,2017-11-11,BTCUSD,6539.85,6799.99,6159.07,6309.84,11380.86,73431275.54,-3.52,36721328.2
1510272000.0,2017-11-10,BTCUSD,7123.2,7295.9,6321.35,6539.85,10603.36,72505042.37,-8.19,36257822.865
1510185600.0,2017-11-09,BTCUSD,7357.0,7439.97,7017.66,7123.2,6992.54,50266123.11,-3.18,25136557.825
1510099200.0,2017-11-08,BTCUSD,7095.11,7875.0,6960.0,7357.0,8423.33,62160221.74,3.69,31084322.535
1510012800.0,2017-11-07,BTCUSD,6944.8,7215.92,6944.41,7095.11,6704.51,47500120.04,2.16,23753412.275
1509926400.0,2017-11-06,BTCUSD,7372.37,7416.64,6919.06,6944.8,8105.08,58446605.35,-5.8,29227355.215
1509840000.0,2017-11-05,BTCUSD,7365.94,7596.99,7276.2,7372.37,7107.7,52936073.5,0.09,26471590.6
1509753600.0,2017-11-04,BTCUSD,7135.9,7399.95,6929.73,7365.94,6801.63,49051358.87,3.22,24529080.25
1509667200.0,2017-11-03,BTCUSD,7026.81,7397.0,6923.79,7135.9,7549.34,54301318.84,1.55,27154434.090000004
1509580800.0,2017-11-02,BTCUSD,6724.59,7329.98,6714.65,7026.81,8141.08,56471126.54,4.49,28239633.81
1509494400.0,2017-11-01,BTCUSD,6453.94,6730.0,6345.29,6724.59,7133.65,46330925.27,4.19,23169029.46
1509408000.0,2017-10-31,BTCUSD,6122.82,6468.98,6089.9,6453.94,6787.85,42416642.72,5.41,21211715.285
1509321600.0,2017-10-30,BTCUSD,6156.2,6237.67,6015.42,6122.82,4183.93,25565773.06,-0.54,12784978.495
1509235200.0,2017-10-29,BTCUSD,5711.95,6299.99,5666.99,6156.2,48146.76,276873398.26,7.78,138460772.51
1509148800.0,2017-10-28,BTCUSD,5749.86,5846.9,5635.15,5711.95,1481.6,8501923.87,-0.66,4251702.734999999
1509062400.0,2017-10-27,BTCUSD,5881.4,5986.0,5682.46,5749.86,1806.04,10509318.11,-2.24,5255562.074999999
1508976000.0,2017-10-26,BTCUSD,5720.26,5959.93,5677.18,5881.4,1548.07,9018415.87,2.82,4509981.97
1508889600.0,2017-10-25,BTCUSD,5503.47,5732.45,5356.95,5720.26,1933.74,10706242.82,3.94,5354088.28
1508803200.0,2017-10-24,BTCUSD,5899.49,5908.36,5464.87,5503.47,2646.43,14923115.83,-6.71,7462881.13
1508716800.0,2017-10-23,BTCUSD,5978.65,6046.56,5535.77,5899.49,2353.05,13751919.91,-1.32,6877136.48
1508630400.0,2017-10-22,BTCUSD,6013.83,6067.92,5714.34,5978.65,1670.38,9845213.11,-0.58,4923441.745
1508544000.0,2017-10-21,BTCUSD,5992.32,6168.99,5871.98,6013.83,1731.04,10499783.51,0.36,5250757.274999999
1508457600.0,2017-10-20,BTCUSD,5695.38,6051.06,5605.42,5992.32,1725.64,10114092.59,5.21,5057909.115
1508371200.0,2017-10-19,BTCUSD,5569.79,5736.7,5496.16,5695.38,1425.89,8057226.92,2.25,4029326.405
1508284800.0,2017-10-18,BTCUSD,5601.27,5606.86,5105.93,5569.79,2293.44,12335408.08,-0.56,6168850.76
1508198400.0,2017-10-17,BTCUSD,5757.72,5775.15,5489.02,5601.27,1542.92,8656524.24,-2.72,4329033.58
1508112000.0,2017-10-16,BTCUSD,5711.51,5799.94,5572.23,5757.72,1263.3,7183245.81,0.81,3592254.555
1508025600.0,2017-10-15,BTCUSD,5836.75,5883.63,5444.75,5711.51,1834.08,10318586.15,-2.15,5160210.115
1507939200.0,2017-10-14,BTCUSD,5633.54,5857.28,5565.0,5836.75,1385.52,7886911.21,3.61,3944148.365
1507852800.0,2017-10-13,BTCUSD,5442.08,5875.46,5391.4,5633.54,2319.09,13107282.82,3.52,6554800.955
1507766400.0,2017-10-12,BTCUSD,4819.44,5443.81,4816.31,5442.08,2066.07,10662292.58,12.92,5332179.325
1507680000.0,2017-10-11,BTCUSD,4770.63,4879.88,4716.78,4819.44,1345.92,6457840.9,1.02,3229593.41
1507593600.0,2017-10-10,BTCUSD,4781.95,4932.9,4714.91,4770.63,1536.04,7419624.53,-0.24,3710580.285
1507507200.0,2017-10-09,BTCUSD,4615.58,4874.78,4549.4,4781.95,1547.05,7248105.77,3.6,3624826.41
1507420800.0,2017-10-08,BTCUSD,4434.06,4631.76,4418.38,4615.58,1248.19,5637551.13,4.09,2819399.66
1507334400.0,2017-10-07,BTCUSD,4367.38,4467.76,4316.39,4434.06,1175.03,5131855.67,1.53,2566515.35
1507248000.0,2017-10-06,BTCUSD,4314.64,4412.73,4295.01,4367.38,1209.0,5276273.25,1.22,2638741.125
1507161600.0,2017-10-05,BTCUSD,4217.13,4359.85,4135.09,4314.64,1643.77,6992393.49,2.31,3497018.63
1507075200.0,2017-10-04,BTCUSD,4310.11,4354.87,4170.26,4217.13,1337.52,5691143.41,-2.16,2846240.465
1506988800.0,2017-10-03,BTCUSD,4396.83,4445.57,4220.0,4310.11,1444.2,6224399.14,-1.97,3112921.67
1506902400.0,2017-10-02,BTCUSD,4403.36,4488.01,4369.63,4396.83,1212.7,5361879.59,-0.15,2681546.145
1506816000.0,2017-10-01,BTCUSD,4371.55,4411.9,4252.13,4403.36,1295.03,5608923.33,0.73,2805109.18
1506729600.0,2017-09-30,BTCUSD,4163.28,4396.11,4150.4,4371.55,1328.38,5713130.93,5.0,2857229.655
1506643200.0,2017-09-29,BTCUSD,4188.23,4240.02,4018.32,4163.28,1816.25,7510445.29,-0.6,3756130.77
1506556800.0,2017-09-28,BTCUSD,4203.0,4275.19,4117.63,4188.23,1717.48,7200447.12,-0.35,3601082.3000000003
1506470400.0,2017-09-27,BTCUSD,3879.06,4219.48,3876.46,4203.0,1902.35,7732773.49,8.35,3867337.92
1506384000.0,2017-09-26,BTCUSD,3930.77,3980.76,3848.95,3879.06,1379.48,5399873.52,-1.32,2700626.5
1506297600.0,2017-09-25,BTCUSD,3660.86,3969.95,3638.8,3930.77,1742.71,6658402.67,7.37,3330072.69
1506211200.0,2017-09-24,BTCUSD,3783.75,3790.35,3624.33,3660.86,1587.82,5855104.06,-3.25,2928345.94
1506124800.0,2017-09-23,BTCUSD,3598.47,3826.58,3560.03,3783.75,1687.51,6260444.3,5.15,3131065.905
1506038400.0,2017-09-22,BTCUSD,3595.26,3715.0,3504.99,3598.47,2141.0,7740319.58,0.09,3871230.29
1505952000.0,2017-09-21,BTCUSD,3869.61,3906.39,3580.0,3595.26,2543.16,9526347.99,-7.09,4764445.575
1505865600.0,2017-09-20,BTCUSD,3901.04,4044.37,3828.75,3869.61,1617.48,6370326.85,-0.81,3185972.165
1505779200.0,2017-09-19,BTCUSD,4078.46,4107.58,3844.72,3901.04,1653.23,6528936.64,-4.35,3265294.935
1505692800.0,2017-09-18,BTCUSD,3669.9,4113.15,3662.98,4078.46,1751.98,6867207.18,11.13,3434479.58
1505606400.0,2017-09-17,BTCUSD,3675.75,3763.24,3500.04,3669.9,2066.13,7515211.58,-0.16,3758638.855
1505520000.0,2017-09-16,BTCUSD,3691.48,3850.0,3516.1,3675.75,1410.9,5183857.7,-0.43,2592634.3000000003
1505433600.0,2017-09-15,BTCUSD,3232.98,3770.67,2974.0,3691.48,2400.21,8021611.84,14.18,4012006.025
1505347200.0,2017-09-14,BTCUSD,3862.54,3922.51,3230.0,3232.98,4628.54,16459001.26,-16.3,8231814.899999999
1505260800.0,2017-09-13,BTCUSD,4158.62,4164.5,3739.94,3862.54,3660.77,14354842.73,-7.12,7179251.75
1505174400.0,2017-09-12,BTCUSD,4197.28,4373.07,4076.88,4158.62,2663.78,11309826.49,-0.92,5656245.135
1505088000.0,2017-09-11,BTCUSD,4223.82,4363.96,4122.38,4197.28,2650.0,11182505.38,-0.63,5592577.69
1505001600.0,2017-09-10,BTCUSD,4326.91,4328.02,3973.92,4223.82,3236.6,13493850.77,-2.38,6748543.685
1504915200.0,2017-09-09,BTCUSD,4303.45,4381.17,4153.6,4326.91,2974.46,12734472.39,0.55,6368723.425000001
1504828800.0,2017-09-08,BTCUSD,4613.19,4679.98,4100.1,4303.45,3291.54,14443284.04,-6.71,7223287.789999999
1504742400.0,2017-09-07,BTCUSD,4582.64,4674.44,4452.3,4613.19,2395.91,10959048.1,0.67,5480722.005
1504656000.0,2017-09-06,BTCUSD,4393.8,4625.8,4393.8,4582.64,1184.18,5382248.74,4.3,2691716.46
1504569600.0,2017-09-05,BTCUSD,4185.2,4446.92,3964.9,4393.8,692.08,2951582.34,4.98,1476137.21
1504483200.0,2017-09-04,BTCUSD,4588.74,4599.63,4154.48,4185.2,1246.62,5485660.64,-8.79,2743453.63
1504396800.0,2017-09-03,BTCUSD,4552.61,4708.99,4338.04,4588.74,1772.31,8047543.63,0.79,4024657.97
1504310400.0,2017-09-02,BTCUSD,4893.76,4975.0,4444.0,4552.61,1117.91,5235265.15,-6.97,2618191.5300000003
1504224000.0,2017-09-01,BTCUSD,4713.45,4914.12,4662.17,4893.76,1653.4,7905101.9,3.83,3953377.65
1504137600.0,2017-08-31,BTCUSD,4569.29,4748.84,4558.3,4713.45,1424.1,6634625.92,3.15,3318025.01
1504051200.0,2017-08-30,BTCUSD,4592.2,4634.91,4477.67,4569.29,1628.36,7443764.52,-0.5,3722696.44
1503964800.0,2017-08-29,BTCUSD,4380.23,4640.66,4337.29,4592.2,1800.72,8055632.9,4.84,4028716.81
1503878400.0,2017-08-28,BTCUSD,4329.95,4389.53,4171.91,4380.23,1798.16,7737381.33,1.16,3869589.745
1503792000.0,2017-08-27,BTCUSD,4335.62,4399.2,4306.74,4329.95,1296.51,5631297.51,-0.13,2816297.01
1503705600.0,2017-08-26,BTCUSD,4352.18,4370.0,4251.01,4335.62,1406.74,6058610.59,-0.38,3030008.665
1503619200.0,2017-08-25,BTCUSD,4320.17,4455.01,4267.9,4352.18,1347.0,5864861.98,0.74,2933104.49
1503532800.0,2017-08-24,BTCUSD,4134.36,4372.11,4103.0,4320.17,1469.74,6179582.1,4.49,3090525.92
1503446400.0,2017-08-23,BTCUSD,4071.5,4250.0,4048.97,4134.36,1482.56,6149014.7,1.54,3075248.63
1503360000.0,2017-08-22,BTCUSD,3992.05,4139.38,3601.79,4071.5,1721.58,6721598.37,1.99,3361659.975
1503273600.0,2017-08-21,BTCUSD,4051.78,4096.65,3951.01,3992.05,1546.91,6233103.72,-1.47,3117325.315
1503187200.0,2017-08-20,BTCUSD,4150.03,4209.37,4000.0,4051.78,1424.31,5853300.38,-2.37,2927362.345
1503100800.0,2017-08-19,BTCUSD,4089.18,4188.03,3542.93,4150.03,2002.84,8114480.79,1.49,4058241.815
1503014400.0,2017-08-18,BTCUSD,4257.11,4356.21,3950.0,4089.18,1858.51,7791880.53,-3.94,3896869.52
1502928000.0,2017-08-17,BTCUSD,4376.99,4481.0,4181.72,4257.11,1363.65,5914515.39,-2.74,2957939.52
1502841600.0,2017-08-16,BTCUSD,4157.39,4387.99,3921.13,4376.99,1270.51,5297780.62,5.28,2649525.565
1502755200.0,2017-08-15,BTCUSD,4310.01,4419.66,3800.0,4157.39,1331.98,5528772.49,-3.54,2765052.2350000003
1502668800.0,2017-08-14,BTCUSD,4061.42,4336.9,3975.0,4310.01,1606.08,6711048.68,6.12,3356327.38
1502582400.0,2017-08-13,BTCUSD,3864.95,4198.79,2640.0,4061.42,1677.82,6646273.94,5.08,3323975.8800000004
1502496000.0,2017-08-12,BTCUSD,3640.04,3964.4,3584.95,3864.95,1433.68,5392455.06,6.18,2696944.37
1502409600.0,2017-08-11,BTCUSD,3406.45,3684.99,3387.4,3640.04,1394.65,4877119.84,6.86,2439257.245
1502323200.0,2017-08-10,BTCUSD,3338.66,3445.81,3305.4,3406.45,1137.93,3852436.79,2.03,1926787.36
1502236800.0,2017-08-09,BTCUSD,3411.94,3429.1,3232.99,3338.66,1568.91,5240598.42,-2.15,2621083.665
1502150400.0,2017-08-08,BTCUSD,3398.85,3479.0,3343.65,3411.94,1317.98,4501890.84,0.39,2251604.41
1502064000.0,2017-08-07,BTCUSD,3228.0,3425.7,3180.21,3398.85,1592.53,5283368.15,5.29,2642480.3400000003
1501977600.0,2017-08-06,BTCUSD,3249.27,3299.98,3157.32,3228.0,965.98,3121562.49,-0.65,1561264.235
1501891200.0,2017-08-05,BTCUSD,2868.9,3329.99,2842.03,3249.27,1512.66,4779501.49,13.26,2390507.075
1501804800.0,2017-08-04,BTCUSD,2784.15,2880.0,2756.22,2868.9,1458.88,4128237.97,3.04,2064848.425
1501718400.0,2017-08-03,BTCUSD,2692.0,2813.56,2688.38,2784.15,1420.95,3901071.52,3.42,1951246.235
1501632000.0,2017-08-02,BTCUSD,2722.1,3122.12,2621.75,2692.0,1612.22,4392910.44,-1.11,2197261.33
1501545600.0,2017-08-01,BTCUSD,2857.04,2899.89,2560.0,2722.1,1394.0,3830791.03,-4.72,1916092.515
1501459200.0,2017-07-31,BTCUSD,2742.34,2888.47,2701.0,2857.04,1351.68,3746899.13,4.18,1874125.405
1501372800.0,2017-07-30,BTCUSD,2719.04,2749.82,2620.0,2742.34,1166.68,3145328.41,0.86,1573247.5450000002
1501286400.0,2017-07-29,BTCUSD,2786.58,2793.76,2658.28,2719.04,1210.88,3288264.23,-2.42,1644737.555
1501200000.0,2017-07-28,BTCUSD,2662.04,2837.62,2659.51,2786.58,1302.53,3581962.56,4.68,1791632.545
1501113600.0,2017-07-27,BTCUSD,2520.17,2684.62,2508.55,2662.04,1229.45,3155147.32,5.63,1578188.385
1501027200.0,2017-07-26,BTCUSD,2560.85,2616.68,2410.86,2520.17,1114.47,2773481.63,-1.59,1387298.05
1500940800.0,2017-07-25,BTCUSD,2775.97,2788.13,2431.52,2560.85,1238.29,3222358.13,-7.75,1611798.21
1500854400.0,2017-07-24,BTCUSD,2742.0,2806.96,2703.59,2775.97,938.66,2590340.59,1.24,1295639.625
1500768000.0,2017-07-23,BTCUSD,2839.42,2876.97,2668.6,2742.0,1122.56,3122167.71,-3.43,1561645.135
1500681600.0,2017-07-22,BTCUSD,2737.39,2854.27,2737.39,2839.42,304.11,856472.1,3.73,428388.105
1500595200.0,2017-07-21,BTCUSD,2844.05,2849.17,2650.1,2737.39,232.73,635926.51,-3.75,318079.62
1500508800.0,2017-07-20,BTCUSD,2249.05,2912.32,2249.05,2844.05,1494.16,3656131.24,26.46,1828812.7
1500422400.0,2017-07-19,BTCUSD,2300.81,2402.31,2206.35,2249.05,1017.62,2336325.29,-2.25,1168671.455
1500336000.0,2017-07-18,BTCUSD,2216.41,2381.7,2111.91,2300.81,1028.46,2331145.63,3.81,1166087.045
1500249600.0,2017-07-17,BTCUSD,1929.28,2226.87,1925.65,2216.41,1528.04,3127530.08,14.88,1564529.06
1500163200.0,2017-07-16,BTCUSD,1976.27,2118.48,1752.0,1929.28,1527.15,2910896.83,-2.38,1456211.99
1500076800.0,2017-07-15,BTCUSD,2206.72,2208.16,1971.3,1976.27,1493.9,3062892.14,-10.44,1532193.02
1499990400.0,2017-07-14,BTCUSD,2328.38,2346.44,2137.46,2206.72,1699.52,3867681.41,-5.23,1934690.465
1499904000.0,2017-07-13,BTCUSD,2379.82,2403.21,2281.14,2328.38,1438.39,3369149.42,-2.16,1685293.905
1499817600.0,2017-07-12,BTCUSD,2444.23,2444.23,2298.5,2379.82,523.27,1235959.74,-2.64,618241.505
1499731200.0,2017-07-11,BTCUSD,2444.23,2444.23,2444.23,2444.23,0.0,0.0,0.0,0.0
1499644800.0,2017-07-10,BTCUSD,2472.54,2507.19,2422.34,2444.23,21.3,52644.15,-1.14,26332.725
1499558400.0,2017-07-09,BTCUSD,2545.92,2567.56,2469.12,2472.54,79.85,201320.56,-2.88,100700.205
1499472000.0,2017-07-08,BTCUSD,2479.19,2563.8,2431.26,2545.92,136.61,339584.9,2.69,169860.755
1499385600.0,2017-07-07,BTCUSD,2590.85,2599.0,2439.19,2479.19,287.63,725815.37,-4.31,363051.5
1499299200.0,2017-07-06,BTCUSD,2598.22,2607.29,2530.31,2590.85,367.72,949366.43,-0.28,474867.075
1499212800.0,2017-07-05,BTCUSD,2591.14,2610.0,2482.26,2598.22,307.97,781800.1,0.27,391054.035
1499126400.0,2017-07-04,BTCUSD,2531.17,2631.09,2519.69,2591.14,380.37,982007.07,2.37,491193.72
1499040000.0,2017-07-03,BTCUSD,2438.96,2589.08,2418.19,2531.17,368.83,916697.42,3.78,458533.125
1498953600.0,2017-07-02,BTCUSD,2343.6,2477.21,2303.63,2438.96,296.96,703410.18,4.07,351853.57
1498867200.0,2017-07-01,BTCUSD,2418.2,2441.34,2287.04,2343.6,309.87,738772.38,-3.08,369541.125
1498780800.0,2017-06-30,BTCUSD,2479.41,2510.41,2407.62,2418.2,182.27,450052.13,-2.47,225117.2
1498694400.0,2017-06-29,BTCUSD,2517.8,2539.35,2399.09,2479.41,194.45,483618.73,-1.52,241906.59
1498608000.0,2017-06-28,BTCUSD,2513.0,2561.35,2395.42,2517.8,240.44,597190.84,0.19,298715.64
1498521600.0,2017-06-27,BTCUSD,2398.21,2513.0,2182.32,2513.0,169.85,398061.46,4.79,199115.655
1498435200.0,2017-06-26,BTCUSD,2469.33,2508.84,2188.17,2398.21,172.13,407216.68,-2.88,203694.405
1498348800.0,2017-06-25,BTCUSD,2498.96,2597.9,2360.96,2469.33,92.77,231673.28,-1.19,115883.025
1498262400.0,2017-06-24,BTCUSD,2681.7,2695.4,2417.24,2498.96,132.9,343364.56,-6.81,171748.73
1498176000.0,2017-06-23,BTCUSD,2669.1,2720.95,2646.19,2681.7,106.39,285789.99,0.47,142948.19
1498089600.0,2017-06-22,BTCUSD,2616.64,2710.84,2514.94,2669.1,179.22,470633.37,2.0,235406.295
1498003200.0,2017-06-21,BTCUSD,2670.95,2759.34,2565.75,2616.64,154.6,414498.5,-2.03,207326.55
1497916800.0,2017-06-20,BTCUSD,2601.0,2770.88,2565.91,2670.95,168.28,445836.21,2.69,223002.245
1497830400.0,2017-06-19,BTCUSD,2495.6,2601.0,2471.5,2601.0,123.57,315454.61,4.22,157789.09
1497744000.0,2017-06-18,BTCUSD,2618.07,2636.9,2414.79,2495.6,88.81,225167.78,-4.68,112628.295
1497657600.0,2017-06-17,BTCUSD,2437.7,2639.62,2367.47,2618.07,86.73,218756.57,7.4,109421.65
1497571200.0,2017-06-16,BTCUSD,2367.55,2464.07,2225.98,2437.7,104.17,249484.41,2.96,124794.29
1497484800.0,2017-06-15,BTCUSD,2391.06,2519.74,1996.23,2367.55,154.33,347914.77,-0.98,174034.55000000002
1497398400.0,2017-06-14,BTCUSD,2673.94,2750.0,2236.01,2391.06,54.88,136829.86,-10.58,68442.37
1497312000.0,2017-06-13,BTCUSD,2572.61,2731.55,2431.77,2673.94,26.7,70608.97,3.94,35317.835
1497225600.0,2017-06-12,BTCUSD,2917.72,2969.99,2261.43,2572.61,122.73,320513.58,-11.83,160318.155
1497139200.0,2017-06-11,BTCUSD,2815.68,2968.0,2785.14,2917.72,53.64,154060.55,3.62,77057.095
1497052800.0,2017-06-10,BTCUSD,2798.17,2885.71,2763.0,2815.68,54.46,153720.35,0.63,76887.405
1496966400.0,2017-06-09,BTCUSD,2778.06,2867.96,2768.91,2798.17,46.17,129788.65,0.72,64917.41
1496880000.0,2017-06-08,BTCUSD,2655.59,2784.33,2559.5,2778.06,51.96,140985.46,4.61,70518.70999999999
1496793600.0,2017-06-07,BTCUSD,2839.19,2850.69,2582.0,2655.59,43.69,121003.48,-6.47,60523.585
1496707200.0,2017-06-06,BTCUSD,2619.23,2900.0,2571.24,2839.19,133.47,367116.55,8.4,183625.01
1496620800.0,2017-06-05,BTCUSD,2472.11,2633.11,2472.11,2619.23,105.27,266488.94,5.95,133297.105
1496534400.0,2017-06-04,BTCUSD,2467.98,2494.52,2361.98,2472.11,95.09,233724.12,0.17,116909.605
1496448000.0,2017-06-03,BTCUSD,2399.11,2476.43,2345.13,2467.98,101.19,244376.54,2.87,122238.865
1496361600.0,2017-06-02,BTCUSD,2312.32,2400.0,2271.4,2399.11,107.59,249111.98,3.75,124609.785
1496275200.0,2017-06-01,BTCUSD,2199.1,2368.61,2188.1,2312.32,107.82,246335.63,5.15,123221.725
1496188800.0,2017-05-31,BTCUSD,2128.83,2241.24,2019.22,2199.1,113.84,243862.37,3.3,121988.105
1496102400.0,2017-05-30,BTCUSD,2190.99,2245.0,2112.15,2128.83,119.98,264635.83,-2.84,132377.905
1496016000.0,2017-05-29,BTCUSD,2081.89,2519.37,2007.34,2190.99,124.8,274085.52,5.24,137105.16
1495929600.0,2017-05-28,BTCUSD,1917.45,2100.0,1834.79,2081.89,292.36,575658.65,8.58,287975.505
1495843200.0,2017-05-27,BTCUSD,2285.29,2519.37,1865.07,1917.45,639.81,1344993.29,-16.1,672816.55
1495756800.0,2017-05-26,BTCUSD,2271.22,2455.4,2173.0,2285.29,224.1,516638.01,0.62,258431.055
